{
  "version": 1,
  "author": "Uri Shaked",
  "editor": "wokwi",
  "parts": [
    { "type": "wokwi-arduino-uno", "id": "uno", "top": -41.14, "left": 32.68, "attrs": {} },
    { "type": "wokwi-74hc165", "id": "sr1", "top": -121.05, "left": 145.07, "attrs": {} },
    { "type": "wokwi-slide-switch", "id": "sw8", "top": -201.18, "left": 0, "attrs": {} },
    { "type": "wokwi-slide-switch", "id": "sw7", "top": -201.18, "left": 40, "attrs": {} },
    { "type": "wokwi-slide-switch", "id": "sw6", "top": -201.18, "left": 80, "attrs": {} },
    { "type": "wokwi-slide-switch", "id": "sw5", "top": -201.18, "left": 120, "attrs": {} },
    { "type": "wokwi-slide-switch", "id": "sw4", "top": -201.18, "left": 160, "attrs": {} },
    { "type": "wokwi-slide-switch", "id": "sw3", "top": -201.18, "left": 200, "attrs": {} },
    { "type": "wokwi-slide-switch", "id": "sw2", "top": -201.18, "left": 240, "attrs": {} },
    { "type": "wokwi-slide-switch", "id": "sw1", "top": -201.18, "left": 280, "attrs": {} }
  ],
  "connections": [
    [ "sr1:D7", "sw8:2", "green", [ "v24", "h-114" ] ],
    [ "sr1:D6", "sw7:2", "green", [ "v18", "h-114" ] ],
    [ "sr1:D5", "sw6:2", "green", [ "v12", "h-80" ] ],
    [ "sr1:D4", "sw5:2", "green", [ "v8", "h-45" ] ],
    [ "sr1:D3", "sw4:2", "green", [ "v-26", "h7" ] ],
    [ "sr1:D2", "sw3:2", "green", [ "v-20", "h21" ] ],
    [ "sr1:D1", "sw2:2", "green", [ "v-16", "h61" ] ],
    [ "sr1:D0", "sw1:2", "green", [ "v-10", "h82" ] ],
    [ "sr1:PL", "uno:4", "orange", [ "v36", "h13" ] ],
    [ "sr1:CP", "uno:3", "purple", [ "v30", "h-22" ] ],
    [ "sr1:Q7", "uno:2", "magenta", [ "v-4", "h0" ] ],
    [ "uno:GND.1", "sw8:1", "black", [ "v-16", "h0" ] ],
    [ "sw8:1", "sw7:1", "black", [ "v7", "h0" ] ],
    [ "sw7:1", "sw6:1", "black", [ "v7", "h0" ] ],
    [ "sw6:1", "sw5:1", "black", [ "v7", "h0" ] ],
    [ "sw5:1", "sw4:1", "black", [ "v7", "h0" ] ],
    [ "sw4:1", "sw3:1", "black", [ "v7", "h0" ] ],
    [ "sw3:1", "sw2:1", "black", [ "v7", "h0" ] ],
    [ "sw2:1", "sw1:1", "black", [ "v7", "h0" ] ],
    [ "sw1:3", "uno:5V", "red", [ "v12", "h21", "v335", "h0" ] ],
    [ "sw1:3", "sw2:3", "red", [ "v12", "h0" ] ],
    [ "sw2:3", "sw3:3", "red", [ "v12", "h0" ] ],
    [ "sw3:3", "sw4:3", "red", [ "v12", "h0" ] ],
    [ "sw4:3", "sw5:3", "red", [ "v12", "h0" ] ],
    [ "sw5:3", "sw6:3", "red", [ "v12", "h0" ] ],
    [ "sw6:3", "sw7:3", "red", [ "v12", "h0" ] ],
    [ "sw7:3", "sw8:3", "red", [ "v12", "h0" ] ],
    [ "sr1:VCC", "sw5:3", "red", [ "v-34", "h165" ] ],
    [ "sr1:CE", "sw4:1", "black", [ "v-39", "h158" ] ],
    [ "sr1:GND", "uno:GND.1", "black", [ "v42", "h-233" ] ]
  ],
  "dependencies": {}
}