{
  "version": 1,
  "author": "Uri Shaked",
  "editor": "wokwi",
  "parts": [
    {
      "type": "wokwi-arduino-uno",
      "id": "uno",
      "top": 183.33,
      "left": -51.33
    },
    {
      "type": "wokwi-74hc595",
      "id": "sr1",
      "top": 102.5,
      "left": 182.16,
      "rotate": 90
    },
    {
      "type": "wokwi-led",
      "id": "led1",
      "top": 70,
      "left": 145,
      "attrs": { "color": "red" }
    },
    {
      "type": "wokwi-led",
      "id": "led2",
      "top": 70,
      "left": 120,
      "attrs": { "color": "red" }
    },
    {
      "type": "wokwi-led",
      "id": "led3",
      "top": 70,
      "left": 95,
      "attrs": { "color": "red" }
    },
    {
      "type": "wokwi-led",
      "id": "led4",
      "top": 70,
      "left": 70,
      "attrs": { "color": "red" }
    },
    {
      "type": "wokwi-led",
      "id": "led5",
      "top": 70,
      "left": 45,
      "attrs": { "color": "red" }
    },
    {
      "type": "wokwi-led",
      "id": "led6",
      "top": 70,
      "left": 20,
      "attrs": { "color": "red" }
    },
    {
      "type": "wokwi-led",
      "id": "led7",
      "top": 70,
      "left": -5,
      "attrs": { "color": "red" }
    },
    {
      "type": "wokwi-led",
      "id": "led8",
      "top": 70,
      "left": -30,
      "attrs": { "color": "red" }
    }
  ],
  "connections": [
    [ "sr1:GND", "uno:GND.1", "black", [ "h0" ] ],
    [ "uno:GND.1", "led1:C", "black", [ "v-40", "h-13" ] ],
    [ "uno:GND.1", "led2:C", "black", [ "v-40", "h-29" ] ],
    [ "uno:GND.1", "led3:C", "black", [ "v-40", "h-16" ] ],
    [ "uno:GND.1", "led4:C", "black", [ "v-40", "h-35" ] ],
    [ "uno:GND.1", "led5:C", "black", [ "v-40", "h-66" ] ],
    [ "uno:GND.1", "led6:C", "black", [ "v-40", "h-100" ] ],
    [ "uno:GND.1", "led7:C", "black", [ "v-40", "h206" ] ],
    [ "uno:GND.1", "led8:C", "black", [ "v-40", "h277" ] ],
    [ "sr1:VCC", "uno:5V", "red", [ "h30", "v323", "h-156" ] ],
    [ "sr1:DS", "uno:2", "blue", [ "h16", "v70", "h-68" ] ],
    [ "uno:GND.1", "sr1:OE", "black", [ "v-22", "h184", "v-52" ] ],
    [ "sr1:STCP", "uno:4", "purple", [ "h7", "v43", "h-77" ] ],
    [ "sr1:SHCP", "uno:3", "gray", [ "h4", "v30", "h-66" ] ],
    [ "sr1:Q7", "led8:A", "green", [ "h0" ] ],
    [ "sr1:Q6", "led7:A", "green", [ "h-4", "v6", "h-194" ] ],
    [ "sr1:Q5", "led6:A", "green", [ "h-7", "v12", "h-161" ] ],
    [ "sr1:Q4", "led5:A", "green", [ "h-10", "v18", "h-131" ] ],
    [ "sr1:Q3", "led4:A", "green", [ "h-13", "v24", "h-95" ] ],
    [ "sr1:Q2", "led3:A", "green", [ "h-16", "v31", "h-64" ] ],
    [ "sr1:Q1", "led2:A", "green", [ "h-19", "v37", "h-40" ] ],
    [ "sr1:Q0", "led1:A", "green", [ "h10", "v-17", "h-63", "v40", "h-6" ] ]
  ]
}